{"cameraMode":{"drawMode":0,"name":"Shaded","section":"Shading Mode"},"sceneLighting":true,"audioPlay":false,"sceneViewState":{"showFog":true,"showMaterialUpdate":false,"showSkybox":true,"showFlares":true,"showImageEffects":true,"showParticleSystems":true},"in2DMode":false,"pivot":{"x":-457.3361511230469,"y":1144.9141845703125,"z":-865.8141479492188},"rotation":{"x":-0.39448127150535586,"y":0.20983432233333589,"z":-0.09302973002195358,"w":-0.8897749781608582},"size":1143.15380859375,"orthographic":false}